Workbook

Sheet Schedule Matrix
A1: Season Schedule
A3: Schedule each Quarter
A4: Each week over 4 weeks, a division team will play one team from the other two divisions.
A5: After each quarter team "assignments" change on Promotion/Relegation event.
A7: 1st Quarter | B7: Week 1 | D7: Week 2 | F7: Week 3 | H7: Week 4
A8: 2nd Quarter | B8: Week 5 | D8: Week 6 | F8: Week 7 | H8: Week 8
A9: 3rd Quarter | B9: Week 9 | D9: Week 10 | F9: Week 11 | H9: Week 12
B10: H2H #1 | C10: H2H #2 | D10: H2H #1 | E10: H2H #2 | F10: H2H #1 | G10: H2H #2 | H10: H2H #1 | I10: H2H #2
A11: Upper-#1 | B11: Middle-#1 | C11: Lower-#1 | D11: Middle-#2 | E11: Lower-#2 | F11: Middle-#3 | G11: Lower-#3 | H11: Middle-#4 | I11: Lower-#4
A12: Upper-#2 | B12: Middle-#2 | C12: Lower-#2 | D12: Middle-#3 | E12: Lower-#3 | F12: Middle-#4 | G12: Lower-#4 | H12: Middle-#1 | I12: Lower-#1
A13: Upper-#3 | B13: Middle-#3 | C13: Lower-#3 | D13: Middle-#4 | E13: Lower-#4 | F13: Middle-#1 | G13: Lower-#1 | H13: Middle-#2 | I13: Lower-#2
A14: Upper-#4 | B14: Middle-#4 | C14: Lower-#4 | D14: Middle-#1 | E14: Lower-#1 | F14: Middle-#2 | G14: Lower-#2 | H14: Middle-#3 | I14: Lower-#3
A15: Middle-#1 | B15: Upper-#1 | C15: Lower-#1 | D15: Upper-#2 | E15: Lower-#2 | F15: Upper-#3 | G15: Lower-#3 | H15: Upper-#4 | I15: Lower-#4
A16: Middle-#2 | B16: Upper-#2 | C16: Lower-#2 | D16: Upper-#3 | E16: Lower-#3 | F16: Upper-#4 | G16: Lower-#4 | H16: Upper-#1 | I16: Lower-#1
A17: Middle-#3 | B17: Upper-#3 | C17: Lower-#3 | D17: Upper-#4 | E17: Lower-#4 | F17: Upper-#1 | G17: Lower-#1 | H17: Upper-#2 | I17: Lower-#2
A18: Middle-#4 | B18: Upper-#4 | C18: Lower-#4 | D18: Upper-#1 | E18: Lower-#1 | F18: Upper-#2 | G18: Lower-#2 | H18: Upper-#3 | I18: Lower-#3
A19: Lower-#1 | B19: Upper-#1 | C19: Middle-#1 | D19: Upper-#2 | E19: Middle-#2 | F19: Upper-#3 | G19: Middle-#3 | H19: Upper-#4 | I19: Middle-#4
A20: Lower-#2 | B20: Upper-#2 | C20: Middle-#2 | D20: Upper-#3 | E20: Middle-#3 | F20: Upper-#4 | G20: Middle-#4 | H20: Upper-#1 | I20: Middle-#1
A21: Lower-#3 | B21: Upper-#3 | C21: Middle-#3 | D21: Upper-#4 | E21: Middle-#4 | F21: Upper-#1 | G21: Middle-#1 | H21: Upper-#2 | I21: Middle-#2
A22: Lower-#4 | B22: Upper-#4 | C22: Middle-#4 | D22: Upper-#1 | E22: Middle-#1 | F22: Upper-#2 | G22: Middle-#2 | H22: Upper-#3 | I22: Middle-#3
A24: Deduped
A26: 1st Quarter | B26: Week 1 | D26: Week 2 | F26: Week 3 | H26: Week 4
A27: 2nd Quarter | B27: Week 5 | D27: Week 6 | F27: Week 7 | H27: Week 8
A28: 3rd Quarter | B28: Week 9 | D28: Week 10 | F28: Week 11 | H28: Week 12
B29: H2H #1 | C29: H2H #2 | D29: H2H #1 | E29: H2H #2 | F29: H2H #1 | G29: H2H #2 | H29: H2H #1 | I29: H2H #2
A30: Upper-#1 | B30: Middle-#1 | C30: Lower-#1 | D30: Middle-#2 | E30: Lower-#2 | F30: Middle-#3 | G30: Lower-#3 | H30: Middle-#4 | I30: Lower-#4
A31: Upper-#2 | B31: Middle-#2 | C31: Lower-#2 | D31: Middle-#3 | E31: Lower-#3 | F31: Middle-#4 | G31: Lower-#4 | H31: Middle-#1 | I31: Lower-#1
A32: Upper-#3 | B32: Middle-#3 | C32: Lower-#3 | D32: Middle-#4 | E32: Lower-#4 | F32: Middle-#1 | G32: Lower-#1 | H32: Middle-#2 | I32: Lower-#2
A33: Upper-#4 | B33: Middle-#4 | C33: Lower-#4 | D33: Middle-#1 | E33: Lower-#1 | F33: Middle-#2 | G33: Lower-#2 | H33: Middle-#3 | I33: Lower-#3
A34: Middle-#1 | C34: Lower-#1 | E34: Lower-#2 | G34: Lower-#3 | I34: Lower-#4
A35: Middle-#2 | C35: Lower-#2 | E35: Lower-#3 | G35: Lower-#4 | I35: Lower-#1
A36: Middle-#3 | C36: Lower-#3 | E36: Lower-#4 | G36: Lower-#1 | I36: Lower-#2
A37: Middle-#4 | C37: Lower-#4 | E37: Lower-#1 | G37: Lower-#2 | I37: Lower-#3
A38: Lower-#1
A39: Lower-#2
A40: Lower-#3
A41: Lower-#4

Sheet MFL Schedule
A1: Week | B1: Team 1 | C1: Team 2 | D1: MFL Coded
A2: ="Week "&quotient(row()-2,12)+1 -> Week 1 | B2: Upper-#1 | C2: Middle-#1 | D2: =text(mid(A2,find(" ",A2)+1,2),"00")& ","& ifna(text(match(vlookup(B2,'Division Placements'!$A$2:$D$13,2+quotient(row()-2,48),false),'Division Placements'!$B$16:$B$27,0),"0000"),"BYE")& ","& ifna(text(match(vlookup(C2,'Division Placements'!$A$2:$D$13,2+quotient(row()-2,48),false),'Division Placements'!$B$16:$B$27,0),"0000"),"BYE") -> 01,BYE,BYE
A3: ="Week "&quotient(row()-2,12)+1 -> Week 1 | B3: Upper-#2 | C3: Middle-#2 | D3: =text(mid(A3,find(" ",A3)+1,2),"00")& ","& ifna(text(match(vlookup(B3,'Division Placements'!$A$2:$D$13,2+quotient(row()-2,48),false),'Division Placements'!$B$16:$B$27,0),"0000"),"BYE")& ","& ifna(text(match(vlookup(C3,'Division Placements'!$A$2:$D$13,2+quotient(row()-2,48),false),'Division Placements'!$B$16:$B$27,0),"0000"),"BYE") -> 01,BYE,BYE
A4: ="Week "&quotient(row()-2,12)+1 -> Week 1 | B4: Upper-#3 | C4: Middle-#3 | D4: =text(mid(A4,find(" ",A4)+1,2),"00")& ","& ifna(text(match(vlookup(B4,'Division Placements'!$A$2:$D$13,2+quotient(row()-2,48),false),'Division Placements'!$B$16:$B$27,0),"0000"),"BYE")& ","& ifna(text(match(vlookup(C4,'Division Placements'!$A$2:$D$13,2+quotient(row()-2,48),false),'Division Placements'!$B$16:$B$27,0),"0000"),"BYE") -> 01,BYE,BYE
A5: ="Week "&quotient(row()-2,12)+1 -> Week 1 | B5: Upper-#4 | C5: Middle-#4 | D5: =text(mid(A5,find(" ",A5)+1,2),"00")& ","& ifna(text(match(vlookup(B5,'Division Placements'!$A$2:$D$13,2+quotient(row()-2,48),false),'Division Placements'!$B$16:$B$27,0),"0000"),"BYE")& ","& ifna(text(match(vlookup(C5,'Division Placements'!$A$2:$D$13,2+quotient(row()-2,48),false),'Division Placements'!$B$16:$B$27,0),"0000"),"BYE") -> 01,BYE,BYE
A6: ="Week "&quotient(row()-2,12)+1 -> Week 1 | B6: Upper-#1 | C6: Lower-#1 | D6: =text(mid(A6,find(" ",A6)+1,2),"00")& ","& ifna(text(match(vlookup(B6,'Division Placements'!$A$2:$D$13,2+quotient(row()-2,48),false),'Division Placements'!$B$16:$B$27,0),"0000"),"BYE")& ","& ifna(text(match(vlookup(C6,'Division Placements'!$A$2:$D$13,2+quotient(row()-2,48),false),'Division Placements'!$B$16:$B$27,0),"0000"),"BYE") -> 01,BYE,BYE
A7: ="Week "&quotient(row()-2,12)+1 -> Week 1 | B7: Upper-#2 | C7: Lower-#2 | D7: =text(mid(A7,find(" ",A7)+1,2),"00")& ","& ifna(text(match(vlookup(B7,'Division Placements'!$A$2:$D$13,2+quotient(row()-2,48),false),'Division Placements'!$B$16:$B$27,0),"0000"),"BYE")& ","& ifna(text(match(vlookup(C7,'Division Placements'!$A$2:$D$13,2+quotient(row()-2,48),false),'Division Placements'!$B$16:$B$27,0),"0000"),"BYE") -> 01,BYE,BYE
A8: ="Week "&quotient(row()-2,12)+1 -> Week 1 | B8: Upper-#3 | C8: Lower-#3 | D8: =text(mid(A8,find(" ",A8)+1,2),"00")& ","& ifna(text(match(vlookup(B8,'Division Placements'!$A$2:$D$13,2+quotient(row()-2,48),false),'Division Placements'!$B$16:$B$27,0),"0000"),"BYE")& ","& ifna(text(match(vlookup(C8,'Division Placements'!$A$2:$D$13,2+quotient(row()-2,48),false),'Division Placements'!$B$16:$B$27,0),"0000"),"BYE") -> 01,BYE,BYE
A9: ="Week "&quotient(row()-2,12)+1 -> Week 1 | B9: Upper-#4 | C9: Lower-#4 | D9: =text(mid(A9,find(" ",A9)+1,2),"00")& ","& ifna(text(match(vlookup(B9,'Division Placements'!$A$2:$D$13,2+quotient(row()-2,48),false),'Division Placements'!$B$16:$B$27,0),"0000"),"BYE")& ","& ifna(text(match(vlookup(C9,'Division Placements'!$A$2:$D$13,2+quotient(row()-2,48),false),'Division Placements'!$B$16:$B$27,0),"0000"),"BYE") -> 01,BYE,BYE
A10: ="Week "&quotient(row()-2,12)+1 -> Week 1 | B10: Middle-#1 | C10: Lower-#1 | D10: =text(mid(A10,find(" ",A10)+1,2),"00")& ","& ifna(text(match(vlookup(B10,'Division Placements'!$A$2:$D$13,2+quotient(row()-2,48),false),'Division Placements'!$B$16:$B$27,0),"0000"),"BYE")& ","& ifna(text(match(vlookup(C10,'Division Placements'!$A$2:$D$13,2+quotient(row()-2,48),false),'Division Placements'!$B$16:$B$27,0),"0000"),"BYE") -> 01,BYE,BYE
A11: ="Week "&quotient(row()-2,12)+1 -> Week 1 | B11: Middle-#2 | C11: Lower-#2 | D11: =text(mid(A11,find(" ",A11)+1,2),"00")& ","& ifna(text(match(vlookup(B11,'Division Placements'!$A$2:$D$13,2+quotient(row()-2,48),false),'Division Placements'!$B$16:$B$27,0),"0000"),"BYE")& ","& ifna(text(match(vlookup(C11,'Division Placements'!$A$2:$D$13,2+quotient(row()-2,48),false),'Division Placements'!$B$16:$B$27,0),"0000"),"BYE") -> 01,BYE,BYE
A12: ="Week "&quotient(row()-2,12)+1 -> Week 1 | B12: Middle-#3 | C12: Lower-#3 | D12: =text(mid(A12,find(" ",A12)+1,2),"00")& ","& ifna(text(match(vlookup(B12,'Division Placements'!$A$2:$D$13,2+quotient(row()-2,48),false),'Division Placements'!$B$16:$B$27,0),"0000"),"BYE")& ","& ifna(text(match(vlookup(C12,'Division Placements'!$A$2:$D$13,2+quotient(row()-2,48),false),'Division Placements'!$B$16:$B$27,0),"0000"),"BYE") -> 01,BYE,BYE
A13: ="Week "&quotient(row()-2,12)+1 -> Week 1 | B13: Middle-#4 | C13: Lower-#4 | D13: =text(mid(A13,find(" ",A13)+1,2),"00")& ","& ifna(text(match(vlookup(B13,'Division Placements'!$A$2:$D$13,2+quotient(row()-2,48),false),'Division Placements'!$B$16:$B$27,0),"0000"),"BYE")& ","& ifna(text(match(vlookup(C13,'Division Placements'!$A$2:$D$13,2+quotient(row()-2,48),false),'Division Placements'!$B$16:$B$27,0),"0000"),"BYE") -> 01,BYE,BYE
... A145: ="Week "&quotient(row()-2,12)+1 -> Week 12 | B145: Middle-#4 | C145: Lower-#3 | D145: =text(mid(A145,find(" ",A145)+1,2),"00")& ","& ifna(text(match(vlookup(B145,'Division Placements'!$A$2:$D$13,2+quotient(row()-2,48),false),'Division Placements'!$B$16:$B$27,0),"0000"),"BYE")& ","& ifna(text(match(vlookup(C145,'Division Placements'!$A$2:$D$13,2+quotient(row()-2,48),false),'Division Placements'!$B$16:$B$27,0),"0000"),"BYE") -> 12,BYE,BYE
A146: ="Week "&quotient(row()-2,12)+1 -> Week 13 | D146: =text(mid(A146,find(" ",A146)+1,2),"00")&",BYE,BYE" -> 13,BYE,BYE
A147: ="Week "&quotient(row()-2,12)+1 -> Week 13 | D147: =text(mid(A147,find(" ",A147)+1,2),"00")&",BYE,BYE" -> 13,BYE,BYE
A148: ="Week "&quotient(row()-2,12)+1 -> Week 13 | D148: =text(mid(A148,find(" ",A148)+1,2),"00")&",BYE,BYE" -> 13,BYE,BYE
A149: ="Week "&quotient(row()-2,12)+1 -> Week 13 | D149: =text(mid(A149,find(" ",A149)+1,2),"00")&",BYE,BYE" -> 13,BYE,BYE
A150: ="Week "&quotient(row()-2,12)+1 -> Week 13 | D150: =text(mid(A150,find(" ",A150)+1,2),"00")&",BYE,BYE" -> 13,BYE,BYE
A151: ="Week "&quotient(row()-2,12)+1 -> Week 13 | D151: =text(mid(A151,find(" ",A151)+1,2),"00")&",BYE,BYE" -> 13,BYE,BYE
A152: ="Week "&quotient(row()-2,12)+1 -> Week 13 | D152: =text(mid(A152,find(" ",A152)+1,2),"00")&",BYE,BYE" -> 13,BYE,BYE
A153: ="Week "&quotient(row()-2,12)+1 -> Week 13 | D153: =text(mid(A153,find(" ",A153)+1,2),"00")&",BYE,BYE" -> 13,BYE,BYE
A154: ="Week "&quotient(row()-2,12)+1 -> Week 13 | D154: =text(mid(A154,find(" ",A154)+1,2),"00")&",BYE,BYE" -> 13,BYE,BYE
A155: ="Week "&quotient(row()-2,12)+1 -> Week 13 | D155: =text(mid(A155,find(" ",A155)+1,2),"00")&",BYE,BYE" -> 13,BYE,BYE
A156: ="Week "&quotient(row()-2,12)+1 -> Week 13 | D156: =text(mid(A156,find(" ",A156)+1,2),"00")&",BYE,BYE" -> 13,BYE,BYE
A157: ="Week "&quotient(row()-2,12)+1 -> Week 13 | D157: =text(mid(A157,find(" ",A157)+1,2),"00")&",BYE,BYE" -> 13,BYE,BYE
... A193: ="Week "&quotient(row()-2,12)+1 -> Week 16 | D193: =text(mid(A193,find(" ",A193)+1,2),"00")&",BYE,BYE" -> 16,BYE,BYE

Sheet Division Placements
B1: Q1 | C1: Q2 | D1: Q3
A2: Upper-#1 | B2: Shankly's Ghost | C2: BattleBots
A3: Upper-#2 | B3: BattleBots | C3: Orcan Terror
A4: Upper-#3 | B4: Orcan Terror | C4: Peaky Fookin Blinders
A5: Upper-#4 | B5: Peaky Fookin Blinders | C5: The Meaty Ogres
A6: Middle-#1 | B6: Springfield Isotopes | C6: Shankly's Ghost
A7: Middle-#2 | B7: 2 Roops, 1 Silva | C7: 2 Roops, 1 Silva
A8: Middle-#3 | B8: The Meaty Ogres | C8: Springfield Isotopes
A9: Middle-#4 | B9: Ted Lasso | C9: Hamsterdam
A10: Lower-#1 | B10: Hamsterdam | C10: Ted Lasso
A11: Lower-#2 | B11: The Two Tones | C11: Norsemen
A12: Lower-#3 | B12: The Wild Cards | C12: The Two Tones
A13: Lower-#4 | B13: Norsemen | C13: The Wild Cards
B15: =IFERROR(__xludf.DUMMYFUNCTION("importhtml(""https://www42.myfantasyleague.com/""&year(today())&""/reports?L=63213&R=FSUMMARY"",""table"",2)"),"Loading...") -> Loading...
A16: 1
A17: 2
A18: 3
A19: 4
A20: 5
A21: 6
A22: 7
A23: 8
A24: 9
A25: 10
A26: 11
A27: 12
